PuzzleNo,GameId,GameName,SequenceNo,ImageURL
1,17001,Super Mario Bros. 3,1,https://drive.google.com/thumbnail?id=1t9Fe-WybuXJCuXMKgSL-wU22ByckeUXs
1,17001,Super Mario Bros. 3,2,https://drive.google.com/thumbnail?id=1Xqw6vvoDkeWrdcGo0R-45_BAz_jTh8Fy
1,17001,Super Mario Bros. 3,3,https://drive.google.com/thumbnail?id=1_qdkOzG2Oq80V0iwIgpn09vkD4aU2fHr
1,17001,Super Mario Bros. 3,4,https://drive.google.com/thumbnail?id=1OBQRFhFdQG_X89sJca3tqNIA955xQW4Z
1,17001,Super Mario Bros. 3,5,https://drive.google.com/thumbnail?id=1A4xbZwOSPyehQX0NOvC3RIt-6mJAyMlC
1,17001,Super Mario Bros. 3,6,https://drive.google.com/thumbnail?id=11ld7S6JEVEmrF5XsxJISUu5T3tuRgW5h
2,17002,Kung Fu,1,https://drive.google.com/thumbnail?id=1OxfT0N7v-V4gA3Mtq7x6MsoK6M_ZH3cQ
2,17002,Kung Fu,2,https://drive.google.com/thumbnail?id=1qnwyFLkJtn5jyEvzck3NebpdTXxONjiS
2,17002,Kung Fu,3,https://drive.google.com/thumbnail?id=1LO88VtMtmLU0ukfAPgFAVWocU0K8yO_n
2,17002,Kung Fu,4,https://drive.google.com/thumbnail?id=1SmgWwN-CG0gcv2Pzz71MBuXPCPPwqZxN
2,17002,Kung Fu,5,https://drive.google.com/thumbnail?id=1yN-wD3gUhM3L0UWGv5Pcm3Xg98xvrd4A
2,17002,Kung Fu,6,https://drive.google.com/thumbnail?id=1Xx1LLL2JevBqogSv7VC-WJJjpSizmUpw
3,17003,Punch Out,1,https://drive.google.com/thumbnail?id=13UroXdqyu0ac0ZElXpxaO3ijIwioMKvs
3,17003,Punch Out,2,https://drive.google.com/thumbnail?id=1-sDefBKVf0CP8XxtL2q_fwTwHdYnw0UL
3,17003,Punch Out,3,https://drive.google.com/thumbnail?id=1JPzRM9Fn-VVa1pmTEl6QLwmCyvcJ1e5Q
3,17003,Punch Out,4,https://drive.google.com/thumbnail?id=1CSqljvIoWkqp5DVi9eCGtfd5vrattFoL
3,17003,Punch Out,5,https://drive.google.com/thumbnail?id=13sG4hr7Mln4A_j8opP987-j7NdEnsn2j
3,17003,Punch Out,6,https://drive.google.com/thumbnail?id=162_hSiWlMuWu6aZ9sj3waiiiIQruzPx_